"PSAL","PLY_fn","Editor","Entry_date"
2327,"Spec31.ply","Nyers",4/4/2023 0:00:00
2328,"Spec32.ply","Nyers",4/4/2023 0:00:00
2329,"Spec33.ply","Nyers",4/4/2023 0:00:00
2330,"Spec34.ply","Nyers",4/4/2023 0:00:00
2331,"Spec35.ply","Nyers",4/4/2023 0:00:00
2332,"Spec36.ply","Nyers",4/4/2023 0:00:00
2333,"Spec37.ply","Nyers",4/4/2023 0:00:00
2334,"Spec38.ply","Nyers",4/4/2023 0:00:00
2335,"Spec39.ply","Nyers",4/4/2023 0:00:00
2336,"Spec40.ply","Nyers",4/4/2023 0:00:00
2337,"Spec41.ply","Nyers",4/4/2023 0:00:00
2338,"Spec42.ply","Nyers",4/4/2023 0:00:00
2339,"Spec43.ply","Nyers",4/4/2023 0:00:00
2340,"Spec44.ply","Nyers",4/4/2023 0:00:00
2341,"Spec45.ply","Nyers",4/4/2023 0:00:00
2342,"Spec46.ply","Nyers",4/4/2023 0:00:00
2343,"Spec47.ply","Nyers",4/4/2023 0:00:00
2344,"Spec48.ply","Nyers",4/4/2023 0:00:00
2345,"Spec49.ply","Nyers",4/4/2023 0:00:00
2346,"Spec50.ply","Nyers",4/4/2023 0:00:00
2347,"Spec51.ply","Nyers",4/4/2023 0:00:00
2348,"Spec52.ply","Nyers",4/4/2023 0:00:00
2349,"Spec53.ply","Nyers",4/4/2023 0:00:00
2350,"Spec54.ply","Nyers",4/4/2023 0:00:00
2351,"Spec55.ply","Nyers",4/4/2023 0:00:00
2352,"Spec56.ply","Nyers",4/4/2023 0:00:00
2353,"Spec57.ply","Nyers",4/4/2023 0:00:00
2354,"Spec58.ply","Nyers",4/4/2023 0:00:00
2355,"Spec59.ply","Nyers",4/4/2023 0:00:00
2356,"Spec60.ply","Nyers",4/4/2023 0:00:00
2357,"Spec61.ply","Nyers",4/4/2023 0:00:00
2358,"Spec62.ply","Nyers",4/4/2023 0:00:00
2359,"Spec63.ply","Nyers",4/4/2023 0:00:00
2360,"Spec64.ply","Nyers",4/4/2023 0:00:00
2361,"Spec65.ply","Nyers",4/4/2023 0:00:00
2362,"Spec66.ply","Nyers",4/4/2023 0:00:00
2363,"Spec67.ply","Nyers",4/4/2023 0:00:00
2364,"Spec68.ply","Nyers",4/4/2023 0:00:00
2365,"Spec69.ply","Nyers",4/4/2023 0:00:00
2366,"Spec70.ply","Nyers",4/4/2023 0:00:00
2367,"Spec71.ply","Nyers",4/4/2023 0:00:00
2368,"Spec72.ply","Nyers",4/4/2023 0:00:00
2369,"Spec73.ply","Nyers",4/4/2023 0:00:00
2370,"Spec74.ply","Nyers",4/4/2023 0:00:00
2371,"Spec75.ply","Nyers",4/4/2023 0:00:00
2372,"Spec76.ply","Nyers",4/4/2023 0:00:00
2373,"Spec77.ply","Nyers",4/4/2023 0:00:00
2374,"Spec78.ply","Nyers",4/4/2023 0:00:00
2375,"Spec79.ply","Nyers",4/4/2023 0:00:00
2376,"Spec80.ply","Nyers",4/4/2023 0:00:00
2377,"Spec81.ply","Nyers",4/4/2023 0:00:00
2378,"Spec82.ply","Nyers",4/4/2023 0:00:00
2379,"Spec83.ply","Nyers",4/4/2023 0:00:00
2380,"Spec84.ply","Nyers",4/4/2023 0:00:00
2381,"Spec85.ply","Nyers",4/4/2023 0:00:00
2382,"Spec86.ply","Nyers",4/4/2023 0:00:00
2383,"Spec87.ply","Nyers",4/4/2023 0:00:00
2384,"Spec88.ply","Nyers",4/4/2023 0:00:00
2385,"Spec89.ply","Nyers",4/4/2023 0:00:00
2386,"Spec90.ply","Nyers",4/4/2023 0:00:00
2387,"Spec91.ply","Nyers",4/4/2023 0:00:00
2388,"Spec92.ply","Nyers",4/4/2023 0:00:00
2389,"Spec93.ply","Nyers",4/4/2023 0:00:00
2390,"Spec94.ply","Nyers",4/4/2023 0:00:00
2391,"Spec95.ply","Nyers",4/4/2023 0:00:00
2392,"Spec96.ply","Nyers",4/4/2023 0:00:00
2393,"Spec97.ply","Nyers",4/4/2023 0:00:00
2394,"Spec98.ply","Nyers",4/4/2023 0:00:00
2395,"Spec99.ply","Nyers",4/4/2023 0:00:00
2396,"Spec100.ply","Nyers",4/4/2023 0:00:00
2397,"Spec101.ply","Nyers",4/4/2023 0:00:00
2398,"Spec102.ply","Nyers",4/4/2023 0:00:00
2399,"Spec103.ply","Nyers",4/4/2023 0:00:00
2400,"Spec104.ply","Nyers",4/4/2023 0:00:00
2401,"Spec105.ply","Nyers",4/4/2023 0:00:00
2402,"Spec106.ply","Nyers",4/4/2023 0:00:00
2403,"Spec107.ply","Nyers",4/4/2023 0:00:00
2404,"Spec108.ply","Nyers",4/4/2023 0:00:00
2405,"Spec109.ply","Nyers",4/4/2023 0:00:00
2406,"Spec110.ply","Nyers",4/4/2023 0:00:00
2407,"Spec1.ply","Nyers",4/4/2023 0:00:00
2408,"Spec2.ply","Nyers",4/4/2023 0:00:00
2409,"Spec3.ply","Nyers",4/4/2023 0:00:00
2410,"Spec4.ply","Nyers",4/4/2023 0:00:00
2411,"Spec5.ply","Nyers",4/4/2023 0:00:00
2412,"Spec6.ply","Nyers",4/4/2023 0:00:00
2413,"Spec7.ply","Nyers",4/4/2023 0:00:00
2414,"Spec8.ply","Nyers",4/4/2023 0:00:00
2415,"Spec9.ply","Nyers",4/4/2023 0:00:00
2416,"Spec10.ply","Nyers",4/4/2023 0:00:00
2417,"Spec11.ply","Nyers",4/4/2023 0:00:00
2418,"Spec12.ply","Nyers",4/4/2023 0:00:00
2419,"Spec13.ply","Nyers",4/4/2023 0:00:00
2420,"Spec14.ply","Nyers",4/4/2023 0:00:00
2421,"Spec15.ply","Nyers",4/4/2023 0:00:00
2422,"Spec16.ply","Nyers",4/4/2023 0:00:00
2423,"Spec17.ply","Nyers",4/4/2023 0:00:00
2424,"Spec18.ply","Nyers",4/4/2023 0:00:00
2425,"Spec19.ply","Nyers",4/4/2023 0:00:00
2426,"Spec20.ply","Nyers",4/4/2023 0:00:00
2427,"Spec21.ply","Nyers",4/4/2023 0:00:00
2428,"Spec22.ply","Nyers",4/4/2023 0:00:00
2429,"Spec23.ply","Nyers",4/4/2023 0:00:00
2430,"Spec24.ply","Nyers",4/4/2023 0:00:00
2431,"Spec25.ply","Nyers",4/4/2023 0:00:00
2432,"Spec26.ply","Nyers",4/4/2023 0:00:00
2433,"Spec27.ply","Nyers",4/4/2023 0:00:00
2434,"Spec28.ply","Nyers",4/4/2023 0:00:00
2435,"Spec29.ply","Nyers",4/4/2023 0:00:00
2436,"Spec30.ply","Nyers",4/4/2023 0:00:00
2437,"Spec111.ply","Nyers",4/4/2023 0:00:00
2438,"Spec112.ply","Nyers",4/4/2023 0:00:00
2439,"Spec113.ply","Nyers",4/4/2023 0:00:00
2440,"Spec114.ply","Nyers",4/4/2023 0:00:00
2441,"Spec115.ply","Nyers",4/4/2023 0:00:00
2442,"Spec116.ply","Nyers",4/4/2023 0:00:00
2443,"Spec117.ply","Nyers",4/4/2023 0:00:00
2444,"Spec118.ply","Nyers",4/4/2023 0:00:00
2445,"Spec119.ply","Nyers",4/4/2023 0:00:00
2446,"Spec120.ply","Nyers",4/4/2023 0:00:00
2447,"Spec121.ply","Nyers",4/4/2023 0:00:00
2448,"Spec122.ply","Nyers",4/4/2023 0:00:00
2449,"Spec123.ply","Nyers",4/4/2023 0:00:00
2450,"Spec124.ply","Nyers",4/4/2023 0:00:00
2451,"Spec125.ply","Nyers",4/4/2023 0:00:00
2452,"Spec126.ply","Nyers",4/4/2023 0:00:00
2453,"Spec127.ply","Nyers",4/4/2023 0:00:00
2454,"Spec128.ply","Nyers",4/4/2023 0:00:00
2455,"Spec129.ply","Nyers",4/4/2023 0:00:00
2456,"Spec130.ply","Nyers",4/4/2023 0:00:00
2457,"Spec131.ply","Nyers",4/4/2023 0:00:00
2458,"Spec132.ply","Nyers",4/4/2023 0:00:00
2459,"Spec133.ply","Nyers",4/4/2023 0:00:00
2460,"Spec134.ply","Nyers",4/4/2023 0:00:00
2461,"Spec135.ply","Nyers",4/4/2023 0:00:00
2462,"Spec136.ply","Nyers",4/4/2023 0:00:00
2463,"Spec137.ply","Nyers",4/4/2023 0:00:00
2464,"Spec138.ply","Nyers",4/4/2023 0:00:00
2465,"Spec139.ply","Nyers",4/4/2023 0:00:00
2466,"Spec140.ply","Nyers",4/4/2023 0:00:00
2467,"Spec141.ply","Nyers",4/4/2023 0:00:00
2468,"Spec142.ply","Nyers",4/4/2023 0:00:00
2469,"Spec143.ply","Nyers",4/4/2023 0:00:00
2470,"Spec144.ply","Nyers",4/4/2023 0:00:00
2471,"Spec145.ply","Nyers",4/4/2023 0:00:00
2472,"Spec146.ply","Nyers",4/4/2023 0:00:00
2473,"Spec147.ply","Nyers",4/4/2023 0:00:00
2474,"Spec148.ply","Nyers",4/4/2023 0:00:00
2475,"Spec149.ply","Nyers",4/4/2023 0:00:00
2476,"Spec150.ply","Nyers",4/4/2023 0:00:00
2477,"Spec151.ply","Nyers",4/4/2023 0:00:00
2478,"Spec152.ply","Nyers",4/4/2023 0:00:00
2479,"Spec153.ply","Nyers",4/4/2023 0:00:00
2480,"Spec154.ply","Nyers",4/4/2023 0:00:00
2481,"Spec155.ply","Nyers",4/4/2023 0:00:00
2482,"Spec156.ply","Nyers",4/4/2023 0:00:00
2483,"Spec157.ply","Nyers",4/4/2023 0:00:00
2484,"Spec158.ply","Nyers",4/4/2023 0:00:00
2485,"Spec159.ply","Nyers",4/4/2023 0:00:00
2486,"Spec160.ply","Nyers",4/4/2023 0:00:00
2487,"Spec161.ply","Nyers",4/4/2023 0:00:00
2488,"Spec162.ply","Nyers",4/4/2023 0:00:00
2489,"Spec163.ply","Nyers",4/4/2023 0:00:00
